Workbook

Sheet Alokasi Waktu X
B1: PERHITUNGAN ALOKASI WAKTU TAHUN PELAJARAN 2026/2027
A4: Nama Sekolah : SMA Negeri 78 Jakarta
A5: Mata Pelajaran : …...
A6: Kelas/Fase : X/E
A8: Semester | B8: Bulan | C8: Jumlah | E8: Jumlah | H8: Ket
C9: Minggu | D9: Efektif | E9: Jam/Minggu | F9: JP
A10: GANJIL | B10: Juli | C10: 5 | D10: 2 | F10: =D10*E10 -> 0 | H10: MPLS
B11: Agustus | C11: 4 | D11: 4 | F11: =D11*E11 -> 0
B12: September | C12: 5 | D12: 5 | F12: =D12*E12 -> 0
B13: Oktober | C13: 4 | D13: 4 | F13: =D13*E13 -> 0
B14: November | C14: 4 | D14: 4 | F14: =D14*E14 -> 0
B15: Desember | C15: 5 | D15: 0 | F15: =D15*E15 -> 0 | H15: PAS GANJIL/REMEDIAL/LIBUR SEMESTER GANJIL
B16: Jumlah | C16: =SUM(C10:C15) -> 27 | D16: =SUM(D10:D15) -> 19 | E16: =SUM(E10:E15) -> 0 | F16: =SUM(F10:F15) -> 0
A18: GENAP | B18: Januari | C18: 4 | D18: 4 | F18: =D18*E18 -> 0
B19: Februari | C19: 4 | D19: 3 | F19: =D19*E19 -> 0 | H19: Libur Awal Puasa
B20: Maret | C20: 5 | D20: 3 | F20: =D20*E20 -> 0 | H20: IDUL FITRI
B21: April | C21: 4 | D21: 4 | F21: =D21*E21 -> 0
B22: Mei | C22: 4 | D22: 4 | F22: =D22*E22 -> 0
B23: Juni | C23: 4 | D23: 0 | F23: =D23*E23 -> 0 | H23: PAS GENAP/ REMEDIAL/ LIBUR SEMESTER GENAP
B24: Jumlah | C24: =SUM(C18:C23) -> 25 | D24: =SUM(D18:D23) -> 18 | E24: =SUM(E18:E23) -> 0 | F24: =SUM(F18:F23) -> 0 | G24: =SUM(G18:G23) -> 0
A25: Jumlah Total | C25: =C16+C24 -> 52 | D25: =D16+D24 -> 37 | E25: =E16+E24 -> 0 | F25: =F16+F24 -> 0 | G25: =G16+G24 -> 0
A29: Mengetahui | H29: Jakarta, 10 Juli 2026
A30: Kepala SMA Negeri 78 Jakarta, | H30: Guru Mata Pelajaran …...,
A33: H. Marjuki Miad, M.Pd | H33: …..............
A34: NIP 196705141991011001 | H34: NIP/NIKKI ….......

Sheet Prosem Ganjil  X
C1: PROGRAM SEMESTER GANJIL TAHUN PELAJARAN 2026/2027 | AY1: NO. FORM F-Kur/11
A4: Mata Pelajaran : ….............
A5: Satuan Pendidikan : SMA Negeri 78 Jakarta
A6: Kelas/Fase : X/E
A8: No | B8: Tujuan Pembelajaran | D8: Alokasi Waktu | E8: Bulan dan Minggu Ke … | AF8: Ket
E9: Juli | K9: Agustus | N9: September | S9: Oktober | W9: Nopember | AA9: Desember
E10: 1 | F10: 2 | G10: 3 | H10: 4 | I10: 5 | J10: 1 | K10: 2 | L10: 3 | M10: 4 | N10: 1 | O10: 2 | P10: 3 | Q10: 4 | R10: 5 | S10: 1 | T10: 2 | U10: 3 | V10: 4 | W10: 1 | X10: 2 | Y10: 3 | Z10: 4 | AA10: 1 | AB10: 2 | AC10: 3 | AD10: 4 | AE10: 5
A11: 1 | B11: =ATP!B14 -> 0 | C11: =ATP!C14 -> 0 | D11: =ATP!D14 -> 0 | E11: Libur Semester | F11: Libur Semester | G11: MPLS | AA11: Penilaian Akhir Semester (AAS) Ganjil | AB11: Remedial dan Pengolahan Nilai | AC11: Rapor Semester Ganjil | AD11: Libur Semester | AE11: Libur Semester | AH11: CATATAN:
A12: 2 | B12: =ATP!B15 -> 0 | C12: =ATP!C15 -> 0 | D12: =ATP!D15 -> 0 | AH12: Untuk mengisi TP pada PROSEM ini, isi terlebih dahulu pada bagian ATP
A13: 3 | B13: =ATP!B16 -> 0 | C13: =ATP!C16 -> 0 | D13: =ATP!D16 -> 0
A14: 4 | B14: =ATP!B17 -> 0 | C14: =ATP!C17 -> 0 | D14: =ATP!D17 -> 0
A15: 5 | B15: =ATP!B18 -> 0 | C15: =ATP!C18 -> 0 | D15: =ATP!D18 -> 0
A16: 6 | B16: =ATP!B19 -> 0 | C16: =ATP!C19 -> 0 | D16: =ATP!D19 -> 0
C18: Mengetahui | X18: ='Alokasi Waktu X'!H29 -> Jakarta, 10 Juli 2026
C19: Kepala SMA Negeri 78 Jakarta | X19: ='Alokasi Waktu X'!H30 -> Guru Mata Pelajaran …...,
C22: ='Alokasi Waktu X'!A33 -> H. Marjuki Miad, M.Pd | X22: ='Alokasi Waktu X'!H33 -> …..............
C23: ='Alokasi Waktu X'!A34 -> NIP 196705141991011001 | U23: ='Alokasi Waktu X'!H34 -> NIP/NIKKI ….......

Sheet Prosem Genap X
C1: PROGRAM SEMESTER GENAP TAHUN PELAJARAN 2026/2027 | AX1: NO. FORM F-Kur/11
A4: Mata Pelajaran : ….............
A5: Satuan Pendidikan : SMA Negeri 78 Jakarta
A6: Kelas/Fase : X/E
A8: No | B8: Tujuan Pembelajaran | D8: Alokasi Waktu | E8: Bulan dan Minggu Ke … | AE8: Ket
E9: Januari | I9: Februari | M9: Maret | R9: April | V9: Mei | Z9: Juni
E10: 1 | F10: 2 | G10: 3 | H10: 4 | I10: 1 | J10: 2 | K10: 3 | L10: 4 | M10: 1 | N10: 2 | O10: 3 | P10: 4 | Q10: 5 | R10: 1 | S10: 2 | T10: 3 | U10: 4 | V10: 1 | W10: 2 | X10: 3 | Y10: 4 | Z10: 1 | AA10: 2 | AB10: 3 | AC10: 4 | AD10: 5
B11: =ATP!B21 -> 0 | C11: =ATP!C21 -> 0 | D11: =ATP!D21 -> 0 | J11: Libur Awal Ramadhan | N11: Libur Idul Fitri | O11: Libur Idul Fitri | Z11: Penilaian Akhir Semester Genap | AA11: Susulan/Remedial/Pengolahan Nilai | AB11: Susulan/Remedial/Pengolahan Nilai | AC11: Rapor Semester Ganjil | AD11: Libur Semester | AF11: CATATAN:
B12: =ATP!B22 -> 0 | C12: =ATP!C22 -> 0 | D12: =ATP!D22 -> 0 | AF12: Untuk mengisi TP pada PROSEM ini, isi terlebih dahulu pada bagian ATP
B13: =ATP!B23 -> 0 | C13: =ATP!C23 -> 0 | D13: =ATP!D23 -> 0
B14: =ATP!B24 -> 0 | C14: =ATP!C24 -> 0 | D14: =ATP!D24 -> 0
B15: =ATP!B25 -> 0 | C15: =ATP!C25 -> 0 | D15: =ATP!D25 -> 0
B16: =ATP!B26 -> 0 | C16: =ATP!C26 -> 0 | D16: =ATP!D26 -> 0
C18: Mengetahui | W18: ='Alokasi Waktu X'!H29 -> Jakarta, 10 Juli 2026
C19: Kepala SMA Negeri 78 Jakarta, | W19: ='Alokasi Waktu X'!H30 -> Guru Mata Pelajaran …...,
C22: ='Alokasi Waktu X'!A33 -> H. Marjuki Miad, M.Pd | W22: ='Alokasi Waktu X'!H33 -> …..............
C23: ='Alokasi Waktu X'!A34 -> NIP 196705141991011001 | T23: ='Alokasi Waktu X'!H34 -> NIP/NIKKI ….......

Sheet ATP
B1: PEMETAAN TUJUAN PEMBELAJARAN
B2: TAHUN PELAJARAN 2026/2027
A4: ALUR TUJUAN PEMBELAJARAN
A6: Mata Pelajaran : ….....
A7: Satuan Pendidikan : SMA Negeri 78 Jakarta
A8: Kelas/Fase : X/E
A10: Capaian Pembelajaran :
A11: …................................................................................................................................................
A13: Semester | B13: TUJUAN PEMBELAJARAN | D13: Alokasi Waktu (JP)
A14: GANJIL
A20: Jumlah JP Semester Ganjil | D20: =SUM(D14:D19) -> 0
A21: GENAP
A27: Jumlah JP Semester Genap | D27: =SUM(D21:D26) -> 0
A28: Jumlah JP Semester Ganjil dan Genap | D28: =D20+D27 -> 0
D30: ='Alokasi Waktu X'!H29 -> Jakarta, 10 Juli 2026
B31: Mengetahui
B32: Kepala SMA Negeri 78 Jakarta | D32: ='Alokasi Waktu X'!H30 -> Guru Mata Pelajaran …...,
B35: ='Alokasi Waktu X'!A33 -> H. Marjuki Miad, M.Pd | D35: ='Alokasi Waktu X'!H33 -> …..............
B36: ='Alokasi Waktu X'!A34 -> NIP 196705141991011001 | D36: ='Alokasi Waktu X'!H34 -> NIP/NIKKI ….......

Sheet Prota
C1: PROGRAM TAHUNAN TAHUN PELAJARAN 2026/2027 | Y1: NO. FORM F-Kur/11
A4: Satuan Pendidikan : SMA Negeri 78 Jakarta
A5: Jumlah TP : ….
A6: Jumlah Minggu Efektif : ….. Minggu
A7: Kelas/Fase : X/ E
A8: Tahun Pelajaran : 2026/2027
A10: Capaian Pembelajaran :
B11: =ATP!A11 -> …................................................................................................................................................
A13: No | B13: Tujuan Pembelajaran | D13: Materi Pokok | E13: Materi Pelajaran | F13: Alokasi Waktu (JP)
A14: 1
A15: 2
A16: 3
A17: 4
A18: 5
A19: 6
F21: ='Alokasi Waktu X'!H29 -> Jakarta, 10 Juli 2026
B22: Mengetahui
B23: Kepala SMA Negeri 78 Jakarta | F23: ='Alokasi Waktu X'!H30 -> Guru Mata Pelajaran …...,
B26: ='Alokasi Waktu X'!A33 -> H. Marjuki Miad, M.Pd | F26: ='Alokasi Waktu X'!H33 -> …..............
B27: ='Alokasi Waktu X'!A34 -> NIP 196705141991011001 | F27: ='Alokasi Waktu X'!H34 -> NIP/NIKKI ….......

Sheet KKTP
A3: KRITERIA KETERCAPAIAN TUJUAN PEMBELAJARAN (KKTP)
A5: Mata Pelajaran : ….......................
A6: Satuan Pendidikan : SMA Negeri 78 Jakarta
A7: Kelas/Fase : X/E
A8: Tahun Pelajaran : 2026/2027
A10: Capaian Pembelajaran:
A11: ............................................
A13: No | B13: Tujuan Pembelajaran | C13: Kriteria Ketercapaian/Interval Nilai
C14: Remedial | D14: Remedial Sebagian | E14: Tercapai | F14: Tercapai dan diberikan Pengayaan
D24: =ATP!D30 -> Jakarta, 10 Juli 2026
A25: Mengetahui
A26: Kepala SMA Negeri 78 Jakarta | D26: Guru Mata Pelajaran,
A29: H. Marjuki Miad, M.Pd | D29: …........................................
A30: NIP 196705141991011001 | D30: NIP/NIKKI
